t0,t1,x,y,z
1682047160,1682047160442,0,0.03813604,3
1682047160,1682047160469,0,0.03813604,3
1682047160,1682047160517,0,0.03813604,3
1682047160,1682047160535,0,0.03813604,3
1682047160,1682047160571,0,0.03813604,3
1682047160,1682047160606,0,0.03813604,3
1682047160,1682047160641,0,0.03813604,3
1682047160,1682047160668,0,0.03813601,3
1682047160,1682047160704,0,0.03813601,3
1682047160,1682047160742,0,0.03813601,3
1682047160,1682047160768,0,0.03813601,3
1682047160,1682047160803,0,0.03813601,3
1682047160,1682047160840,0,0.03813601,3
1682047160,1682047160875,0,0.03813601,3
1682047160,1682047160904,0,0.03813601,3
1682047160,1682047160939,0,0.03813601,3
1682047160,1682047160968,0,0.03813601,3
1682047161,1682047161004,0,0.03813601,3
1682047161,1682047161035,0,0.03813601,3
1682047161,1682047161071,0,0.03813601,3
1682047161,1682047161101,0,0.03813601,3
1682047161,1682047161140,0,0.03813601,3
1682047161,1682047161169,0,0.03813601,3
1682047161,1682047161206,0,0.03813601,3
1682047161,1682047161234,0,0.03813601,3
1682047161,1682047161273,0,0.03813601,3
1682047161,1682047161311,0,0.03813601,3
1682047161,1682047161339,0,0.03813601,3
1682047161,1682047161376,0,0.03813601,3
1682047161,1682047161406,0,0.03813601,3
1682047161,1682047161434,0,0.03813601,3
1682047161,1682047161471,0,0.03813601,3
1682047161,1682047161503,0,0.03813604,2.988665
1682047161,1682047161539,0,0.03813607,2.969387
1682047161,1682047161575,0,0.03813607,2.942798
1682047161,1682047161605,0,0.03813607,2.916187
1682047161,1682047161643,0,0.03813607,2.88138
1682047161,1682047161669,0,0.03813607,2.850596
1682047161,1682047161705,0,0.03813607,2.811293
1682047161,1682047161744,0,0.03813607,2.777949
1682047161,1682047161773,0,0.03813601,2.777949
1682047161,1682047161802,0,0.03813601,2.777949
1682047161,1682047161837,0,0.03813601,2.777949
1682047161,1682047161875,0,0.03813601,2.777949
1682047161,1682047161903,0,0.03813601,2.777949
1682047161,1682047161939,0,0.03813601,2.777949
1682047161,1682047161968,0,0.03813601,2.777949
1682047162,1682047162007,0,0.03813601,2.777949
1682047162,1682047162037,0,0.03813601,2.777949
1682047162,1682047162073,0,0.03813601,2.777949
1682047162,1682047162104,0,0.03813601,2.777949
1682047162,1682047162143,0.005777154,0.03813607,2.777949
1682047162,1682047162171,0.01815091,0.03813607,2.777949
1682047162,1682047162211,0.03686479,0.03813607,2.777949
1682047162,1682047162239,0.06685226,0.03813607,2.777949
1682047162,1682047162269,0.09490035,0.03813607,2.777949
1682047162,1682047162306,0.1313868,0.03813607,2.777949
1682047162,1682047162335,0.16068,0.03813607,2.777949
1682047162,1682047162373,0.206557,0.03813607,2.777949
1682047162,1682047162401,0.239466,0.03813607,2.777949
1682047162,1682047162438,0.281974,0.03813607,2.777949
1682047162,1682047162474,0.3326546,0.03813607,2.777949
1682047162,1682047162505,0.3683411,0.03813607,2.777949
1682047162,1682047162535,0.4115128,0.03813604,2.777949
1682047162,1682047162570,0.4575887,0.03813607,2.777949
1682047162,1682047162608,0.5058905,0.03813607,2.777949
1682047162,1682047162635,0.5423467,0.03813607,2.777949
1682047162,1682047162675,0.5814044,0.03813607,2.777949
1682047162,1682047162703,0.6300466,0.03813607,2.777949
1682047162,1682047162742,0.6773795,0.03813607,2.777949
1682047162,1682047162771,0.7168792,0.03813607,2.777949
1682047162,1682047162807,0.7168792,0.03813604,2.777949
1682047162,1682047162836,0.7168792,0.03813604,2.777949
1682047162,1682047162870,0.7168792,0.03813604,2.777949
1682047162,1682047162908,0.7168792,0.03813604,2.777949
1682047162,1682047162934,0.7168792,0.03813604,2.777949
1682047162,1682047162972,0.7168792,0.03813601,2.777949
1682047163,1682047163008,0.7168792,0.03813601,2.777949
1682047163,1682047163034,0.7168792,0.03813601,2.777949
1682047163,1682047163071,0.7168792,0.03813601,2.777949
1682047163,1682047163106,0.7168792,0.03813601,2.777949
1682047163,1682047163134,0.7168792,0.03813601,2.777949
1682047163,1682047163167,0.7168792,0.03813601,2.777949
1682047163,1682047163203,0.7168792,0.03813601,2.777949
1682047163,1682047163237,0.7168792,0.03813601,2.777949
1682047163,1682047163278,0.7168792,0.03813601,2.777949
1682047163,1682047163305,0.7168792,0.03813601,2.777949
1682047163,1682047163341,0.7168792,0.03813607,2.773148
1682047163,1682047163370,0.7168792,0.03813607,2.760935
1682047163,1682047163404,0.7168792,0.03813607,2.740215
1682047163,1682047163441,0.7168792,0.03813607,2.710886
1682047163,1682047163470,0.7168792,0.03813607,2.6842
1682047163,1682047163509,0.7168792,0.03813607,2.647308
1682047163,1682047163538,0.7168792,0.03813607,2.613218
1682047163,1682047163574,0.7168792,0.03813607,2.571934
1682047163,1682047163615,0.7168792,0.03813607,2.537065
1682047163,1682047163642,0.7168792,0.03813607,2.488919
1682047163,1682047163670,0.7168792,0.03813607,2.4555
1682047163,1682047163705,0.7168792,0.03813607,2.407513
1682047163,1682047163741,0.7168792,0.03813607,2.363081
1682047163,1682047163767,0.7168792,0.03813607,2.337706
1682047163,1682047163802,0.7168792,0.03813607,2.280967
1682047163,1682047163841,0.7168792,0.03813607,2.231447
1682047163,1682047163867,0.7168792,0.03813607,2.196375
1682047163,1682047163905,0.7168792,0.03813607,2.150609
1682047163,1682047163942,0.7168792,0.03813604,2.135479
1682047163,1682047163975,0.7168792,0.03813601,2.135479
1682047164,1682047164003,0.7168792,0.03813601,2.135479
1682047164,1682047164036,0.7168792,0.03813601,2.135479
1682047164,1682047164082,0.7168792,0.03813601,2.135479
1682047164,1682047164107,0.7168792,0.03813601,2.135479
1682047164,1682047164142,0.7168792,0.03813601,2.135479
1682047164,1682047164175,0.7168792,0.03813601,2.135479
1682047164,1682047164201,0.7168792,0.03813601,2.135479
1682047164,1682047164236,0.7168792,0.03813601,2.135479
1682047164,1682047164268,0.7168792,0.03813601,2.135479
1682047164,1682047164310,0.7168792,0.03813601,2.135479
1682047164,1682047164334,0.7168792,0.03813601,2.135479
1682047164,1682047164376,0.7168792,0.03813601,2.135479
1682047164,1682047164408,0.7168792,0.03813601,2.135479
1682047164,1682047164440,0.7168792,0.03813601,2.135479
1682047164,1682047164474,0.7168792,0.03813601,2.135479
1682047164,1682047164506,0.7168792,0.03813601,2.135479
1682047164,1682047164540,0.7168792,0.03813601,2.135479
1682047164,1682047164572,0.7168792,0.03813601,2.135479
1682047164,1682047164607,0.7168792,0.03813601,2.135479
1682047164,1682047164638,0.7168792,0.03813601,2.135479
1682047164,1682047164674,0.7168792,0.03813601,2.135479
1682047164,1682047164705,0.7168792,0.03813601,2.135479
1682047164,1682047164736,0.7168792,0.03813601,2.135479
1682047164,1682047164772,0.7168792,0.03813607,2.13032
1682047164,1682047164804,0.7168792,0.03813607,2.116812
1682047164,1682047164837,0.7168792,0.03813607,2.095485
1682047164,1682047164872,0.7168792,0.03813607,2.067358
1682047164,1682047164907,0.7168792,0.03813607,2.038135
1682047164,1682047164938,0.7168792,0.03813604,2.003785
1682047164,1682047164970,0.7168792,0.03813607,1.96971
1682047165,1682047165016,0.7168792,0.03813607,1.930002
1682047165,1682047165034,0.7168792,0.03813607,1.896276
1682047165,1682047165071,0.7168792,0.03813607,1.853645
1682047165,1682047165105,0.7168792,0.03813604,1.828842
1682047165,1682047165137,0.7168792,0.03813601,1.828842
1682047165,1682047165174,0.7168792,0.03813601,1.828842
1682047165,1682047165206,0.7168792,0.03813601,1.828842
1682047165,1682047165241,0.7168792,0.03813601,1.828842
1682047165,1682047165273,0.7168792,0.03813601,1.828842
1682047165,1682047165312,0.7168792,0.03813601,1.828842
1682047165,1682047165338,0.7168792,0.03813601,1.828842
1682047165,1682047165370,0.7168792,0.03813601,1.828842
1682047165,1682047165405,0.7168792,0.03813601,1.828842
1682047165,1682047165437,0.7168792,0.03813601,1.828842
1682047165,1682047165471,0.7168792,0.03813601,1.828842
1682047165,1682047165504,0.7168792,0.03813601,1.828842
1682047165,1682047165538,0.7168792,0.03813601,1.828842
1682047165,1682047165568,0.7168792,0.03813601,1.828842
1682047165,1682047165610,0.7168792,0.03813601,1.828842
1682047165,1682047165634,0.7168792,0.03813601,1.828842
1682047165,1682047165674,0.7168792,0.03813601,1.828842
1682047165,1682047165707,0.7168792,0.03813601,1.828842
1682047165,1682047165738,0.7168792,0.03813601,1.828842
1682047165,1682047165771,0.7168792,0.03813601,1.828842
1682047165,1682047165801,0.7168792,0.03813601,1.828842
1682047165,1682047165835,0.7168792,0.03813601,1.828842
1682047165,1682047165873,0.7168792,0.03813601,1.828842
1682047165,1682047165904,0.7168792,0.03813601,1.828842
1682047165,1682047165938,0.7168792,0.03813601,1.828842
1682047165,1682047165969,0.7168792,0.03813601,1.828842
1682047166,1682047166002,0.7168792,0.03813601,1.828842
1682047166,1682047166040,0.7168792,0.03813601,1.828842
1682047166,1682047166074,0.7168792,0.03813601,1.828842
1682047166,1682047166105,0.7168792,0.03813601,1.828842
1682047166,1682047166136,0.7168792,0.03813601,1.828842
1682047166,1682047166170,0.714631,0.03813607,1.828842
1682047166,1682047166201,0.7031408,0.03813607,1.828842
1682047166,1682047166246,0.6851639,0.03813607,1.828842
1682047166,1682047166270,0.6563641,0.03813607,1.828842
1682047166,1682047166302,0.6280928,0.03813607,1.828842
1682047166,1682047166336,0.594724,0.03813607,1.828842
1682047166,1682047166374,0.5531083,0.03813607,1.828842
1682047166,1682047166403,0.5349148,0.03813607,1.828842
1682047166,1682047166435,0.4834441,0.03813607,1.828842
1682047166,1682047166468,0.4445501,0.03813607,1.828842
1682047166,1682047166504,0.398429,0.03813607,1.828842
1682047166,1682047166535,0.3574823,0.03813607,1.828842
1682047166,1682047166572,0.3087006,0.03813607,1.828842
1682047166,1682047166607,0.2984383,0.03813601,1.828842
1682047166,1682047166642,0.2984383,0.03813601,1.828842
1682047166,1682047166674,0.2984383,0.03813601,1.828842
1682047166,1682047166709,0.2984383,0.03813601,1.828842
1682047166,1682047166737,0.2984383,0.03813601,1.828842
1682047166,1682047166769,0.2984383,0.03813601,1.828842
1682047166,1682047166805,0.2984383,0.03813601,1.828842
1682047166,1682047166839,0.2984383,0.03813601,1.828842
1682047166,1682047166875,0.2984383,0.03813601,1.828842
1682047166,1682047166901,0.2984383,0.03813601,1.828842
1682047166,1682047166938,0.2904609,0.03813607,1.828842
1682047166,1682047166975,0.2712407,0.03813607,1.828842
1682047167,1682047167000,0.253662,0.03813607,1.828842
1682047167,1682047167039,0.2210035,0.03813607,1.828842
1682047167,1682047167075,0.1865706,0.03813607,1.828842
1682047167,1682047167105,0.1586478,0.03813607,1.828842
1682047167,1682047167141,0.1163951,0.03813604,1.828842
1682047167,1682047167178,0.08543633,0.03813607,1.828842
1682047167,1682047167207,0.03873838,0.03813607,1.828842
1682047167,1682047167234,0.004433309,0.03813607,1.828842
1682047167,1682047167272,-0.04533242,0.03813604,1.828842
1682047167,1682047167308,-0.09150771,0.03813604,1.828842
1682047167,1682047167336,-0.1145639,0.03813604,1.828842
1682047167,1682047167372,-0.1145639,0.03813604,1.828842
1682047167,1682047167408,-0.1145639,0.03813604,1.828842
1682047167,1682047167437,-0.1145639,0.03813601,1.828842
1682047167,1682047167473,-0.1145639,0.03813601,1.828842
1682047167,1682047167503,-0.1145639,0.03813601,1.828842
1682047167,1682047167538,-0.1145639,0.03813601,1.828842
1682047167,1682047167577,-0.1145639,0.03813601,1.828842
1682047167,1682047167604,-0.1145639,0.03813601,1.828842
1682047167,1682047167642,-0.1145639,0.03813601,1.828842
1682047167,1682047167669,-0.1145639,0.03813601,1.828842
1682047167,1682047167705,-0.1145639,0.03813601,1.828842
1682047167,1682047167735,-0.1145639,0.03813601,1.828842
1682047167,1682047167772,-0.1145639,0.03813601,1.828842
1682047167,1682047167804,-0.1145639,0.03813601,1.828842
1682047167,1682047167842,-0.1145639,0.03813601,1.828842
1682047167,1682047167873,-0.1145639,0.03813601,1.828842
1682047167,1682047167909,-0.1145639,0.03813601,1.828842
1682047167,1682047167939,-0.1145639,0.03813601,1.828842
1682047167,1682047167967,-0.1145639,0.03813601,1.828842
1682047168,1682047168010,-0.1145639,0.03813601,1.828842
1682047168,1682047168041,-0.1156613,0.03813601,1.828842
1682047168,1682047168070,-0.12415,0.03813607,1.828842
1682047168,1682047168111,-0.1403389,0.03813607,1.828842
1682047168,1682047168140,-0.1687056,0.03813607,1.828842
1682047168,1682047168171,-0.195845,0.03813607,1.828842
1682047168,1682047168200,-0.2237618,0.03813607,1.828842
1682047168,1682047168242,-0.2646301,0.03813604,1.828842
1682047168,1682047168272,-0.300852,0.03813601,1.828842
1682047168,1682047168302,-0.3355305,0.03813607,1.828842
1682047168,1682047168334,-0.3740244,0.03813607,1.828842
1682047168,1682047168374,-0.4248689,0.03813604,1.828842
1682047168,1682047168404,-0.4599166,0.03813601,1.828842
1682047168,1682047168444,-0.5008959,0.03813601,1.828842
1682047168,1682047168476,-0.5008959,0.03813601,1.828842
1682047168,1682047168506,-0.5008959,0.03813601,1.828842
1682047168,1682047168535,-0.5008959,0.03813601,1.828842
1682047168,1682047168576,-0.5008959,0.03813601,1.828842
1682047168,1682047168606,-0.5008959,0.03813601,1.828842
1682047168,1682047168638,-0.5008959,0.03813601,1.828842
1682047168,1682047168668,-0.5008959,0.03813601,1.828842
1682047168,1682047168710,-0.5008959,0.03813601,1.828842
1682047168,1682047168739,-0.5008959,0.03813601,1.828842
1682047168,1682047168770,-0.5008959,0.03813601,1.828842
1682047168,1682047168809,-0.5008959,0.03813601,1.828842
1682047168,1682047168841,-0.5008959,0.03813601,1.828842
1682047168,1682047168870,-0.5008959,0.03813601,1.828842
1682047168,1682047168902,-0.5008959,0.03813601,1.828842
1682047168,1682047168940,-0.5008959,0.03813601,1.828842
1682047168,1682047168971,-0.5008959,0.03813601,1.828842
1682047169,1682047169009,-0.5008959,0.03813601,1.828842
1682047169,1682047169040,-0.5008959,0.03813601,1.828842
1682047169,1682047169074,-0.5008959,0.03813601,1.828842
1682047169,1682047169102,-0.5008959,0.03813601,1.828842
1682047169,1682047169142,-0.5008959,0.03813601,1.828842
1682047169,1682047169170,-0.5008959,0.03813601,1.828842
1682047169,1682047169209,-0.5008959,0.03813601,1.828842
1682047169,1682047169239,-0.5008959,0.03813601,1.828842
1682047169,1682047169271,-0.4949464,0.03813604,1.828842
1682047169,1682047169308,-0.4758678,0.03813607,1.828842
1682047169,1682047169350,-0.4569781,0.03813607,1.828842
1682047169,1682047169368,-0.4293264,0.03813604,1.828842
1682047169,1682047169404,-0.3956937,0.03813607,1.828842
1682047169,1682047169442,-0.3561312,0.03813604,1.828842
1682047169,1682047169469,-0.3262424,0.03813604,1.828842
1682047169,1682047169508,-0.284819,0.03813604,1.828842
1682047169,1682047169534,-0.250587,0.03813604,1.828842
1682047169,1682047169568,-0.2067685,0.03813604,1.828842
1682047169,1682047169604,-0.1602112,0.03813604,1.828842
1682047169,1682047169649,-0.1270085,0.03813604,1.828842
1682047169,1682047169670,-0.1270085,0.03813604,1.828842
1682047169,1682047169704,-0.1270085,0.03813601,1.828842
1682047169,1682047169741,-0.1270085,0.03813601,1.828842
1682047169,1682047169767,-0.1270085,0.03813601,1.828842
1682047169,1682047169804,-0.1270085,0.03813601,1.828842
1682047169,1682047169842,-0.1270085,0.03813601,1.828842
1682047169,1682047169875,-0.1270085,0.03813601,1.828842
1682047169,1682047169903,-0.1270085,0.03813601,1.828842
1682047169,1682047169937,-0.1270085,0.03813598,1.828842
1682047169,1682047169974,-0.1270085,0.03813604,1.835494
1682047170,1682047170002,-0.1270085,0.03813604,1.847565
1682047170,1682047170035,-0.1270085,0.03813604,1.868388
1682047170,1682047170071,-0.1270085,0.03813604,1.894215
1682047170,1682047170106,-0.1270085,0.03813604,1.919154
1682047170,1682047170138,-0.1270085,0.03813604,1.962324
1682047170,1682047170171,-0.1270085,0.03813604,1.995532
1682047170,1682047170203,-0.1270085,0.03813604,2.033966
1682047170,1682047170239,-0.1270085,0.03813604,2.071974
1682047170,1682047170273,-0.1270085,0.03813604,2.118461
1682047170,1682047170305,-0.1270085,0.03813607,2.160195
1682047170,1682047170341,-0.1270085,0.03813604,2.205724
1682047170,1682047170372,-0.1270085,0.03813604,2.247422
1682047170,1682047170409,-0.1270085,0.03813604,2.27881
1682047170,1682047170434,-0.1270085,0.03813601,2.304873
1682047170,1682047170468,-0.1270085,0.03813601,2.304873
1682047170,1682047170503,-0.1270085,0.03813601,2.304873
1682047170,1682047170536,-0.1270085,0.03813601,2.304873
1682047170,1682047170574,-0.1270085,0.03813601,2.304873
1682047170,1682047170607,-0.1270085,0.03813601,2.304873
1682047170,1682047170641,-0.1270085,0.03813601,2.304873
1682047170,1682047170674,-0.1270085,0.03813601,2.304873
1682047170,1682047170706,-0.1270085,0.03813601,2.304873
1682047170,1682047170741,-0.1270085,0.03813601,2.304873
1682047170,1682047170768,-0.1270085,0.03813601,2.304873
1682047170,1682047170803,-0.1270085,0.03813607,2.296798
1682047170,1682047170835,-0.1270085,0.03813604,2.28159
1682047170,1682047170869,-0.1270085,0.03813604,2.265393
1682047170,1682047170903,-0.1270085,0.03813604,2.229545
1682047170,1682047170935,-0.1270085,0.03813607,2.199312
1682047170,1682047170970,-0.1270085,0.03813604,2.163193
1682047171,1682047171002,-0.1270085,0.03813604,2.127942
1682047171,1682047171044,-0.1270085,0.03813604,2.087573
1682047171,1682047171071,-0.1270085,0.03813601,2.070525
1682047171,1682047171102,-0.1270085,0.03813601,2.070525
1682047171,1682047171135,-0.1270085,0.03813601,2.070525
1682047171,1682047171175,-0.1270085,0.03813601,2.070525
1682047171,1682047171207,-0.1270085,0.03813601,2.070525
1682047171,1682047171238,-0.1270085,0.03813601,2.070525
1682047171,1682047171267,-0.1270085,0.03813598,2.070525
1682047171,1682047171301,-0.1270085,0.03813598,2.070525
1682047171,1682047171341,-0.1270085,0.03813598,2.070525
1682047171,1682047171374,-0.1270085,0.03813598,2.070525
1682047171,1682047171405,-0.1270085,0.03813598,2.070525
1682047171,1682047171438,-0.1270085,0.03813598,2.070525
1682047171,1682047171469,-0.1270085,0.03813598,2.070525
1682047171,1682047171502,-0.1270085,0.03813598,2.070525
1682047171,1682047171537,-0.1270085,0.03813598,2.070525
1682047171,1682047171568,-0.1270085,0.03813598,2.070525
1682047171,1682047171602,-0.1270085,0.03813598,2.070525
1682047171,1682047171634,-0.1270085,0.03813598,2.070525
1682047171,1682047171669,-0.1270085,0.03813598,2.070525
1682047171,1682047171701,-0.1270085,0.03813598,2.070525
1682047171,1682047171736,-0.1270085,0.03813598,2.070525
1682047171,1682047171767,-0.1270085,0.03813598,2.070525
1682047171,1682047171806,-0.1270085,0.03813598,2.070525
1682047171,1682047171839,-0.1270085,0.03813598,2.070525
1682047171,1682047171871,-0.1270085,0.03813598,2.070525
1682047171,1682047171906,-0.1270085,0.03813598,2.070525
1682047171,1682047171935,-0.1270085,0.03813598,2.070525
1682047171,1682047171968,-0.1270085,0.03813598,2.070525
1682047172,1682047172006,-0.1270085,0.03813604,2.076366
1682047172,1682047172038,-0.1270085,0.03813607,2.090077
1682047172,1682047172071,-0.1270085,0.03813604,2.111649
1682047172,1682047172107,-0.1270085,0.03813604,2.141005
1682047172,1682047172141,-0.1270085,0.03813604,2.172612
1682047172,1682047172171,-0.1270085,0.03813607,2.203417
1682047172,1682047172201,-0.1270085,0.03813604,2.235709
1682047172,1682047172251,-0.1270085,0.03813607,2.281487
1682047172,1682047172274,-0.1270085,0.03813607,2.320232
1682047172,1682047172304,-0.1270085,0.03813607,2.347841
1682047172,1682047172336,-0.1270085,0.03813601,2.347841
1682047172,1682047172373,-0.1270085,0.03813601,2.347841
1682047172,1682047172407,-0.1270085,0.03813601,2.347841
1682047172,1682047172436,-0.1270085,0.03813601,2.347841
1682047172,1682047172468,-0.1270085,0.03813601,2.347841
1682047172,1682047172504,-0.1270085,0.03813601,2.347841
1682047172,1682047172535,-0.1270085,0.03813601,2.347841
1682047172,1682047172571,-0.1270085,0.03813601,2.347841
1682047172,1682047172601,-0.1270085,0.03813601,2.347841
1682047172,1682047172641,-0.1270085,0.03813601,2.347841
1682047172,1682047172670,-0.1270085,0.03813598,2.347841
1682047172,1682047172712,-0.1270085,0.03813598,2.347841
1682047172,1682047172734,-0.1270085,0.03813598,2.347841
1682047172,1682047172773,-0.1270085,0.03813598,2.347841
1682047172,1682047172802,-0.1270085,0.03813598,2.347841
1682047172,1682047172839,-0.1270085,0.03813598,2.347841
1682047172,1682047172868,-0.1270085,0.03813604,2.345085
1682047172,1682047172906,-0.1270085,0.03813607,2.324508
1682047172,1682047172938,-0.1270085,0.03813607,2.305152
1682047172,1682047172968,-0.1270085,0.03813607,2.27836
1682047173,1682047173005,-0.1270085,0.03813604,2.244268
1682047173,1682047173041,-0.1270085,0.03813604,2.207131
1682047173,1682047173073,-0.1270085,0.03813604,2.172329
1682047173,1682047173107,-0.1270085,0.03813604,2.136897
1682047173,1682047173138,-0.1270085,0.03813607,2.096711
1682047173,1682047173179,-0.1270085,0.03813604,2.056995
1682047173,1682047173205,-0.1270085,0.03813604,2.010943
1682047173,1682047173238,-0.1270085,0.03813604,1.969671
1682047173,1682047173273,-0.1270085,0.03813604,1.93766
1682047173,1682047173305,-0.1270085,0.03813601,1.93766
1682047173,1682047173338,-0.1270085,0.03813601,1.93766
1682047173,1682047173372,-0.1270085,0.03813601,1.93766
1682047173,1682047173404,-0.1270085,0.03813601,1.93766
1682047173,1682047173439,-0.1270085,0.03813601,1.93766
1682047173,1682047173472,-0.1270085,0.03813601,1.93766
1682047173,1682047173507,-0.1270085,0.03813601,1.93766
1682047173,1682047173541,-0.1270085,0.03813601,1.93766
1682047173,1682047173567,-0.1270085,0.03813601,1.93766
1682047173,1682047173605,-0.1270085,0.03813601,1.93766
1682047173,1682047173641,-0.1270085,0.03813601,1.93766
1682047173,1682047173671,-0.1270085,0.03813601,1.93766
1682047173,1682047173706,-0.1270085,0.03813601,1.93766
1682047173,1682047173736,-0.1270085,0.03813601,1.93766
1682047173,1682047173773,-0.1270085,0.03813601,1.93766
1682047173,1682047173802,-0.1270085,0.03813601,1.93766
1682047173,1682047173837,-0.1270085,0.03813601,1.93766
1682047173,1682047173876,-0.1270085,0.03813601,1.93766
1682047173,1682047173903,-0.1270085,0.03813601,1.93766
1682047173,1682047173942,-0.1270085,0.03813601,1.93766
1682047173,1682047173970,-0.1270085,0.03813601,1.93766
1682047174,1682047174009,-0.1270085,0.03813601,1.93766
1682047174,1682047174037,-0.1270085,0.03813601,1.93766
1682047174,1682047174074,-0.1270085,0.03813601,1.93766
1682047174,1682047174106,-0.1270085,0.03813601,1.93766
1682047174,1682047174135,-0.1270085,0.03813601,1.93766
1682047174,1682047174171,-0.1270085,0.03813601,1.93766
1682047174,1682047174207,-0.1270085,0.03813601,1.93766
1682047174,1682047174239,-0.1270085,0.03813601,1.93766
1682047174,1682047174276,-0.1270085,0.03813601,1.93766
1682047174,1682047174308,-0.1270085,0.03813601,1.93766
1682047174,1682047174336,-0.1270085,0.03813601,1.93766
1682047174,1682047174375,-0.1270085,0.03813601,1.93766
1682047174,1682047174403,-0.1270085,0.03813601,1.93766
1682047174,1682047174442,-0.1270085,0.03813601,1.93766
1682047174,1682047174467,-0.1270085,0.03813601,1.93766
1682047174,1682047174501,-0.1270085,0.03813601,1.93766
1682047174,1682047174541,-0.1270085,0.03813601,1.93766
1682047174,1682047174568,-0.1270085,0.03813601,1.93766
1682047174,1682047174606,-0.1270085,0.03813601,1.93766
1682047174,1682047174641,-0.1270085,0.03813601,1.93766
1682047174,1682047174670,-0.1270085,0.03813601,1.93766
1682047174,1682047174705,-0.1270085,0.03813601,1.93766
1682047174,1682047174742,-0.1270085,0.03813601,1.93766
1682047174,1682047174768,-0.1270085,0.03813601,1.93766
1682047174,1682047174804,-0.1270085,0.03813601,1.93766
1682047174,1682047174842,-0.1270085,0.03813601,1.93766
1682047174,1682047174869,-0.1270085,0.03813601,1.93766
1682047174,1682047174907,-0.1270085,0.03813601,1.93766
1682047174,1682047174934,-0.1270085,0.03813601,1.93766
1682047174,1682047174971,-0.1270085,0.03813601,1.93766
1682047175,1682047175005,-0.1270085,0.03813601,1.93766
1682047175,1682047175042,-0.1270085,0.03813601,1.93766
1682047175,1682047175076,-0.1270085,0.03813601,1.93766
1682047175,1682047175108,-0.1270085,0.03813601,1.93766
1682047175,1682047175135,-0.1270085,0.03813601,1.93766
1682047175,1682047175167,-0.1270085,0.03813601,1.93766
1682047175,1682047175202,-0.1270085,0.03813601,1.93766
1682047175,1682047175234,-0.1270085,0.03813601,1.93766
1682047175,1682047175268,-0.1270085,0.03813601,1.93766
1682047175,1682047175308,-0.1270085,0.03813601,1.93766
1682047175,1682047175334,-0.1270085,0.03813601,1.93766
1682047175,1682047175373,-0.1270085,0.03813601,1.93766
1682047175,1682047175406,-0.1270085,0.03813601,1.93766
1682047175,1682047175438,-0.1270085,0.03813601,1.93766
1682047175,1682047175471,-0.1270085,0.03813601,1.93766
1682047175,1682047175503,-0.1270085,0.03813601,1.93766
1682047175,1682047175544,-0.1270085,0.03813601,1.93766
1682047175,1682047175568,-0.1270085,0.03813601,1.93766
1682047175,1682047175607,-0.1270085,0.03813601,1.93766
1682047175,1682047175641,-0.1270085,0.03813601,1.93766
1682047175,1682047175672,-0.1270085,0.03813601,1.93766
1682047175,1682047175705,-0.1270085,0.03813601,1.93766
1682047175,1682047175735,-0.1270085,0.03813601,1.93766
1682047175,1682047175776,-0.1270085,0.03813601,1.93766
1682047175,1682047175808,-0.1270085,0.03813601,1.93766
1682047175,1682047175838,-0.1270085,0.03813601,1.93766
1682047175,1682047175870,-0.1270085,0.03813601,1.93766
1682047175,1682047175906,-0.1270085,0.03813601,1.93766
1682047175,1682047175939,-0.1270085,0.03813601,1.93766
1682047175,1682047175969,-0.1270085,0.03813601,1.93766
1682047176,1682047176011,-0.1270085,0.03813601,1.93766
1682047176,1682047176035,-0.1270085,0.03813601,1.93766
1682047176,1682047176074,-0.1270085,0.03813601,1.93766
1682047176,1682047176107,-0.1270085,0.03813601,1.93766
1682047176,1682047176137,-0.1270085,0.03813601,1.93766
1682047176,1682047176177,-0.1270085,0.03813601,1.93766
1682047176,1682047176207,-0.1270085,0.03813601,1.93766
1682047176,1682047176239,-0.1270085,0.03813601,1.93766
1682047176,1682047176273,-0.1270085,0.03813601,1.93766
1682047176,1682047176303,-0.1270085,0.03813601,1.93766
1682047176,1682047176336,-0.1270085,0.03813601,1.93766
1682047176,1682047176374,-0.1270085,0.03813601,1.93766
1682047176,1682047176407,-0.1270085,0.03813601,1.93766
1682047176,1682047176438,-0.1270085,0.03813601,1.93766
1682047176,1682047176471,-0.1270085,0.03813601,1.93766
1682047176,1682047176503,-0.1270085,0.03813601,1.93766
1682047176,1682047176543,-0.1270085,0.03813601,1.93766
1682047176,1682047176573,-0.1270085,0.03813601,1.93766
1682047176,1682047176604,-0.1270085,0.03813601,1.93766
1682047176,1682047176638,-0.1270085,0.03813601,1.93766
1682047176,1682047176669,-0.1270085,0.03813601,1.93766
1682047176,1682047176702,-0.1270085,0.03813601,1.93766
1682047176,1682047176741,-0.1270085,0.03813601,1.93766
1682047176,1682047176774,-0.1270085,0.03813601,1.93766
1682047176,1682047176805,-0.1270085,0.03813601,1.93766
1682047176,1682047176837,-0.1270085,0.03813601,1.93766
1682047176,1682047176870,-0.1270085,0.03813601,1.93766
1682047176,1682047176902,-0.1270085,0.03813601,1.93766
1682047176,1682047176936,-0.1270085,0.03813601,1.93766
1682047176,1682047176968,-0.1270085,0.03813601,1.93766
1682047177,1682047177010,-0.1270085,0.03813601,1.93766
1682047177,1682047177041,-0.1270085,0.03813601,1.93766
1682047177,1682047177074,-0.1270085,0.03813601,1.936931
1682047177,1682047177101,-0.1270085,0.03813607,1.930045
1682047177,1682047177140,-0.1270085,0.03813604,1.910326
1682047177,1682047177186,-0.1270085,0.03813604,1.885939
1682047177,1682047177202,-0.1270085,0.03813607,1.862321
1682047177,1682047177241,-0.1270085,0.03813604,1.824654
1682047177,1682047177268,-0.1270085,0.03813604,1.797018
1682047177,1682047177309,-0.1270085,0.03813604,1.752105
1682047177,1682047177338,-0.1270085,0.03813607,1.732955
1682047177,1682047177370,-0.1270085,0.03813604,1.679736
1682047177,1682047177405,-0.1270085,0.03813604,1.638958
1682047177,1682047177437,-0.1270085,0.03813607,1.593086
1682047177,1682047177470,-0.1270085,0.03813607,1.551054
1682047177,1682047177507,-0.1270085,0.03813607,1.502887
1682047177,1682047177539,-0.1270085,0.03813604,1.460353
1682047177,1682047177572,-0.1270085,0.03813604,1.428372
1682047177,1682047177609,-0.1270085,0.03813604,1.370993
1682047177,1682047177645,-0.1270085,0.03813604,1.33605
1682047177,1682047177674,-0.1270085,0.03813601,1.312313
1682047177,1682047177707,-0.1270085,0.03813601,1.312313
1682047177,1682047177742,-0.1270085,0.03813601,1.312313
1682047177,1682047177774,-0.1270085,0.03813601,1.312313
1682047177,1682047177808,-0.1270085,0.03813601,1.312313
1682047177,1682047177835,-0.1270085,0.03813601,1.312313
1682047177,1682047177867,-0.1270085,0.03813601,1.312313
1682047177,1682047177902,-0.1270085,0.03813601,1.312313
1682047177,1682047177934,-0.1270085,0.03813598,1.312313
1682047177,1682047177968,-0.1270085,0.03813598,1.312313
1682047178,1682047178003,-0.1270085,0.03813598,1.312313
1682047178,1682047178035,-0.1270085,0.03813598,1.312313
1682047178,1682047178069,-0.1270085,0.03813598,1.312313
1682047178,1682047178101,-0.1270085,0.03813598,1.312313
1682047178,1682047178137,-0.1270085,0.03813598,1.312313
1682047178,1682047178169,-0.1270085,0.03813598,1.312313
1682047178,1682047178202,-0.1270085,0.03813598,1.312313
1682047178,1682047178238,-0.1270085,0.03813598,1.312313
1682047178,1682047178271,-0.1270085,0.03813598,1.312313
1682047178,1682047178307,-0.1270085,0.03813598,1.312313
1682047178,1682047178340,-0.1270085,0.03813598,1.312313
1682047178,1682047178369,-0.1270085,0.03813598,1.312313
1682047178,1682047178403,-0.1270085,0.03813598,1.312313
1682047178,1682047178437,-0.1270085,0.03813598,1.312313
1682047178,1682047178472,-0.1270085,0.03813598,1.312313
1682047178,1682047178508,-0.1270085,0.03813598,1.312313
1682047178,1682047178536,-0.1270085,0.03813598,1.312313
1682047178,1682047178570,-0.1270085,0.03813598,1.312313
1682047178,1682047178606,-0.1270085,0.03813598,1.312313
1682047178,1682047178640,-0.1270085,0.03813598,1.312313
1682047178,1682047178668,-0.1270085,0.03813598,1.312313
1682047178,1682047178702,-0.1270085,0.03813598,1.312313
1682047178,1682047178740,-0.1270085,0.03813598,1.312313
1682047178,1682047178774,-0.1270085,0.03813598,1.312313
1682047178,1682047178811,-0.1270085,0.03813598,1.312313
1682047178,1682047178839,-0.1261415,0.03813604,1.312313
1682047178,1682047178877,-0.11877,0.03813604,1.312313
1682047178,1682047178906,-0.09669464,0.03813604,1.312313
1682047178,1682047178940,-0.07147391,0.03813607,1.312313
1682047178,1682047178970,-0.04893729,0.03813607,1.312313
1682047179,1682047179005,-0.011983,0.03758064,1.312313
1682047179,1682047179042,0.02719957,0.03813607,1.312313
1682047179,1682047179071,0.0595485,0.03813607,1.312313
1682047179,1682047179106,0.1006102,0.03813607,1.312313
1682047179,1682047179136,0.1357474,0.03813607,1.312313
1682047179,1682047179171,0.1817223,0.03813607,1.312313
1682047179,1682047179211,0.2283425,0.03813607,1.312313
1682047179,1682047179237,0.2669238,0.03813607,1.312313
1682047179,1682047179273,0.3134938,0.03813607,1.312313
1682047179,1682047179303,0.3519,0.03813607,1.312313
1682047179,1682047179350,0.4002853,0.03813607,1.312313
1682047179,1682047179374,0.4390448,0.03813607,1.312313
1682047179,1682047179403,0.4815607,0.03813607,1.312313
1682047179,1682047179441,0.5324808,0.03813607,1.312313
1682047179,1682047179474,0.5736504,0.03813607,1.312313
1682047179,1682047179503,0.5736504,0.03813601,1.312313
1682047179,1682047179540,0.5736504,0.03813601,1.312313
1682047179,1682047179570,0.5736504,0.03813601,1.312313
1682047179,1682047179609,0.5736504,0.03813601,1.312313
1682047179,1682047179637,0.5736504,0.03813601,1.312313
1682047179,1682047179676,0.5736504,0.03813601,1.312313
1682047179,1682047179704,0.5736504,0.03813601,1.312313
1682047179,1682047179745,0.5736504,0.03813601,1.312313
1682047179,1682047179773,0.5736504,0.03813601,1.312313
1682047179,1682047179802,0.5736504,0.03813601,1.312313
1682047179,1682047179843,0.5736504,0.03813601,1.312313
1682047179,1682047179872,0.5736504,0.03813601,1.312313
1682047179,1682047179904,0.5736504,0.03813601,1.312313
1682047179,1682047179934,0.5736504,0.03813601,1.312313
1682047179,1682047179968,0.5736504,0.03813601,1.312313
1682047180,1682047180009,0.5736504,0.03813601,1.312313
1682047180,1682047180044,0.5736504,0.03813601,1.312313
1682047180,1682047180076,0.5736504,0.03813601,1.312313
1682047180,1682047180110,0.5736504,0.03813601,1.312313
1682047180,1682047180143,0.5736504,0.03813601,1.312313
1682047180,1682047180169,0.5736504,0.03813601,1.312313
1682047180,1682047180201,0.5736504,0.03813601,1.312313
1682047180,1682047180243,0.5736504,0.03813601,1.312313
1682047180,1682047180276,0.5736504,0.03813601,1.312313
1682047180,1682047180301,0.5736504,0.03813601,1.312313
1682047180,1682047180335,0.5736504,0.03813601,1.312313
1682047180,1682047180370,0.5736504,0.03813601,1.312313
1682047180,1682047180403,0.5736504,0.03813601,1.312313
1682047180,1682047180438,0.5736504,0.03813601,1.312313
1682047180,1682047180471,0.5736504,0.03813601,1.312313
1682047180,1682047180507,0.5736504,0.03813601,1.312313
1682047180,1682047180540,0.5736504,0.03813601,1.312313
1682047180,1682047180576,0.5736504,0.03813601,1.312313
1682047180,1682047180610,0.5736504,0.03813601,1.312313
1682047180,1682047180647,0.5736504,0.03813601,1.312313
1682047180,1682047180670,0.5736504,0.03813601,1.312313
1682047180,1682047180706,0.5736504,0.03813601,1.312313
1682047180,1682047180744,0.5736504,0.03813601,1.312313
1682047180,1682047180768,0.5736504,0.03813601,1.312313
1682047180,1682047180811,0.5736504,0.03813601,1.312313
1682047180,1682047180835,0.5736504,0.03813601,1.312313
1682047180,1682047180872,0.5736504,0.03813601,1.312313
1682047180,1682047180907,0.5736504,0.03813601,1.312313
1682047180,1682047180944,0.5736504,0.03813601,1.312313
1682047180,1682047180967,0.5736504,0.03813601,1.312313
1682047181,1682047181006,0.5736504,0.03813601,1.312313
1682047181,1682047181042,0.5736504,0.03813601,1.312313
1682047181,1682047181068,0.5736504,0.03813601,1.312313
1682047181,1682047181104,0.5736504,0.03813601,1.312313
1682047181,1682047181144,0.5736504,0.03813601,1.312313
1682047181,1682047181169,0.5736504,0.03813601,1.312313
1682047181,1682047181209,0.5736504,0.03813601,1.312313
1682047181,1682047181234,0.5736504,0.03813601,1.312313
1682047181,1682047181275,0.5736504,0.03813601,1.312313
1682047181,1682047181314,0.5736504,0.03813601,1.312313
1682047181,1682047181339,0.5736504,0.03813601,1.312313
1682047181,1682047181375,0.5736504,0.03813601,1.312313
1682047181,1682047181402,0.5736504,0.03813601,1.312313
1682047181,1682047181439,0.5736504,0.03813601,1.312313
1682047181,1682047181478,0.5736504,0.03813601,1.312313
1682047181,1682047181502,0.5736504,0.03813601,1.312313
1682047181,1682047181541,0.5736504,0.03813601,1.312313
1682047181,1682047181577,0.5736504,0.03813601,1.312313
1682047181,1682047181604,0.5736504,0.03813601,1.312313
1682047181,1682047181640,0.5736504,0.03813601,1.312313
1682047181,1682047181673,0.5736504,0.03813601,1.312313
1682047181,1682047181709,0.5736504,0.03813601,1.312313
1682047181,1682047181737,0.5736504,0.03813601,1.312313
1682047181,1682047181774,0.5736504,0.03813601,1.312313
1682047181,1682047181802,0.5736504,0.03813601,1.312313
1682047181,1682047181841,0.5736504,0.03813601,1.312313
1682047181,1682047181868,0.5736504,0.03813601,1.312313
1682047181,1682047181907,0.5736504,0.03813601,1.312313
1682047181,1682047181935,0.5736504,0.03813601,1.312313
1682047181,1682047181974,0.5736504,0.03813601,1.312313
1682047182,1682047182002,0.5736504,0.03813601,1.312313
1682047182,1682047182040,0.5736504,0.03813601,1.312313
1682047182,1682047182068,0.5736504,0.03813601,1.312313
1682047182,1682047182106,0.5736504,0.03813601,1.312313
1682047182,1682047182146,0.5736504,0.03813601,1.312313
1682047182,1682047182171,0.5736504,0.03813601,1.312313
1682047182,1682047182210,0.5736504,0.03813601,1.312313
1682047182,1682047182235,0.5736504,0.03813601,1.312313
1682047182,1682047182269,0.5736504,0.03813601,1.312313
1682047182,1682047182305,0.5736504,0.03813601,1.312313
1682047182,1682047182344,0.5736504,0.03813601,1.312313
1682047182,1682047182368,0.5736504,0.03813601,1.312313
1682047182,1682047182406,0.5736504,0.03813601,1.312313
1682047182,1682047182441,0.5736504,0.03813601,1.312313
1682047182,1682047182478,0.5736504,0.03813601,1.312313
1682047182,1682047182511,0.5736504,0.03813601,1.312313
1682047182,1682047182536,0.5736504,0.03813601,1.312313
1682047182,1682047182568,0.5736504,0.03813601,1.312313
1682047182,1682047182603,0.5736504,0.03813607,1.307529
1682047182,1682047182636,0.5736504,0.03813604,1.299134
1682047182,1682047182669,0.5736504,0.03813607,1.273418
1682047182,1682047182708,0.5736504,0.03813607,1.239537
1682047182,1682047182739,0.5736504,0.03813604,1.21244
1682047182,1682047182767,0.5736504,0.03813607,1.181265
1682047182,1682047182807,0.5736504,0.03813607,1.138941
1682047182,1682047182837,0.5736504,0.03813607,1.103691
1682047182,1682047182873,0.5736504,0.03813607,1.060871
1682047182,1682047182902,0.5736504,0.03813607,1.024135
1682047182,1682047182937,0.5736504,0.03813607,0.9903731
1682047182,1682047182973,0.5736504,0.03813604,0.9337804
1682047183,1682047183006,0.5736504,0.03813604,0.8879192
1682047183,1682047183039,0.5736504,0.03813607,0.8452378
1682047183,1682047183067,0.5736504,0.03813607,0.8205979
1682047183,1682047183102,0.5736504,0.03813601,0.8205979
1682047183,1682047183134,0.5736504,0.03813601,0.8205979
1682047183,1682047183168,0.5736504,0.03813601,0.8205979
1682047183,1682047183207,0.5736504,0.03813601,0.8205979
1682047183,1682047183250,0.5736504,0.03813601,0.8205979
1682047183,1682047183273,0.5736504,0.03813601,0.8205979
1682047183,1682047183304,0.5736504,0.03813601,0.8205979
1682047183,1682047183338,0.5736504,0.03813601,0.8205979
1682047183,1682047183370,0.5736504,0.03813601,0.8205979
1682047183,1682047183405,0.5736504,0.03813601,0.8205979
1682047183,1682047183437,0.5736504,0.03813601,0.8205979
1682047183,1682047183472,0.5736504,0.03813601,0.8205979
1682047183,1682047183505,0.5736504,0.03813601,0.8205979
1682047183,1682047183538,0.5736504,0.03813601,0.8205979
1682047183,1682047183572,0.5736504,0.03813601,0.8205979
1682047183,1682047183604,0.5736504,0.03813601,0.8205979
1682047183,1682047183640,0.5736504,0.03813601,0.8205979
1682047183,1682047183674,0.5736504,0.03813601,0.8205979
1682047183,1682047183703,0.5736504,0.03813601,0.8205979
1682047183,1682047183737,0.5736504,0.03813601,0.8205979
1682047183,1682047183774,0.5736504,0.03813601,0.8205979
1682047183,1682047183801,0.5736504,0.03813601,0.8205979
1682047183,1682047183836,0.5736504,0.03813601,0.8205979
1682047183,1682047183874,0.5736504,0.03813601,0.8205979
1682047183,1682047183908,0.5736504,0.03813601,0.8205979
1682047183,1682047183937,0.5736504,0.03813601,0.8205979
1682047183,1682047183972,0.5736504,0.03813601,0.8205979
1682047184,1682047184001,0.5736504,0.03813601,0.8205979
1682047184,1682047184036,0.5736504,0.03813601,0.8205979
1682047184,1682047184075,0.5736504,0.03813601,0.8205979
1682047184,1682047184102,0.5736504,0.03813601,0.8205979
1682047184,1682047184142,0.5736504,0.03813601,0.8205979
1682047184,1682047184169,0.5736504,0.03813601,0.8205979
1682047184,1682047184206,0.5736504,0.03813601,0.8205979
1682047184,1682047184237,0.5673051,0.03813607,0.8205979
1682047184,1682047184273,0.550345,0.03813607,0.8205979
1682047184,1682047184309,0.5268491,0.03813607,0.8205979
1682047184,1682047184339,0.5102983,0.03813607,0.8205979
1682047184,1682047184375,0.4655514,0.03813607,0.8205979
1682047184,1682047184404,0.4352384,0.03813607,0.8205979
1682047184,1682047184440,0.3968056,0.03813607,0.8205979
1682047184,1682047184469,0.3634222,0.03813607,0.8205979
1682047184,1682047184507,0.3193158,0.03813607,0.8205979
1682047184,1682047184536,0.2846242,0.03813607,0.8205979
1682047184,1682047184573,0.2339428,0.03813607,0.8205979
1682047184,1682047184603,0.1972128,0.03813607,0.8205979
1682047184,1682047184641,0.1564943,0.03813607,0.8205979
1682047184,1682047184669,0.1087041,0.03813607,0.8205979
1682047184,1682047184708,0.0582374,0.03813604,0.8205979
1682047184,1682047184738,0.04580902,0.03813604,0.8205979
1682047184,1682047184767,0.04580902,0.03813604,0.8205979
1682047184,1682047184804,0.04580902,0.03813604,0.8205979
1682047184,1682047184842,0.04580902,0.03813601,0.8205979
1682047184,1682047184868,0.04580902,0.03813601,0.8205979
1682047184,1682047184903,0.04580902,0.03813601,0.8205979
1682047184,1682047184948,0.04580902,0.03813601,0.8205979
1682047184,1682047184975,0.04580902,0.03813601,0.8205979
1682047185,1682047185003,0.04580902,0.03813601,0.8205979
1682047185,1682047185037,0.04580902,0.03813601,0.8205979
1682047185,1682047185072,0.04580902,0.03813601,0.8205979
1682047185,1682047185107,0.04580902,0.03813601,0.8205979
1682047185,1682047185143,0.04580902,0.03813601,0.8205979
1682047185,1682047185169,0.04580902,0.03813601,0.8205979
1682047185,1682047185203,0.04580902,0.03813601,0.8205979
1682047185,1682047185239,0.04580902,0.03813601,0.8205979
1682047185,1682047185273,0.04580902,0.03813601,0.8205979
1682047185,1682047185308,0.04580902,0.03813601,0.8205979
1682047185,1682047185342,0.04580902,0.03813601,0.8205979
1682047185,1682047185374,0.04580902,0.03813601,0.8205979
1682047185,1682047185401,0.04580902,0.03813601,0.8205979
1682047185,1682047185434,0.04580902,0.03813601,0.8205979
1682047185,1682047185471,0.05124761,0.03813607,0.8205979
1682047185,1682047185506,0.06666412,0.03813607,0.8205979
1682047185,1682047185541,0.08956646,0.03813607,0.8205979
1682047185,1682047185569,0.1024478,0.03813607,0.8205979
1682047185,1682047185602,0.142838,0.03813607,0.8205979
1682047185,1682047185637,0.178193,0.03813607,0.8205979
1682047185,1682047185669,0.2134888,0.03813607,0.8205979
1682047185,1682047185705,0.2538053,0.03813607,0.8205979
1682047185,1682047185739,0.2943058,0.03813604,0.8205979
1682047185,1682047185775,0.3354297,0.03813607,0.8205979
1682047185,1682047185809,0.3709868,0.03813604,0.8205979
1682047185,1682047185842,0.3709868,0.03813604,0.8205979
1682047185,1682047185878,0.3709868,0.03813604,0.8205979
1682047185,1682047185903,0.3709868,0.03813601,0.8205979
1682047185,1682047185938,0.3709868,0.03813601,0.8205979
1682047185,1682047185970,0.3709868,0.03813601,0.8205979
1682047186,1682047186002,0.3709868,0.03813601,0.8205979
1682047186,1682047186039,0.3709868,0.03813601,0.8205979
1682047186,1682047186071,0.3709868,0.03813601,0.8205979
1682047186,1682047186105,0.3709868,0.03813601,0.8205979
1682047186,1682047186138,0.3709868,0.03813601,0.8205979
1682047186,1682047186172,0.3709868,0.03813601,0.8205979
1682047186,1682047186205,0.3709868,0.03813601,0.8205979
1682047186,1682047186238,0.3709868,0.03813601,0.8205979
1682047186,1682047186274,0.3709868,0.03813601,0.8205979
1682047186,1682047186306,0.3709868,0.03813601,0.8205979
1682047186,1682047186337,0.3709868,0.03813601,0.8205979
1682047186,1682047186371,0.3709868,0.03813601,0.8205979
1682047186,1682047186403,0.3709868,0.03813601,0.8205979
1682047186,1682047186437,0.3709868,0.03813601,0.8205979
1682047186,1682047186469,0.3709868,0.03813601,0.8205979
1682047186,1682047186503,0.3709868,0.03813601,0.8205979
1682047186,1682047186537,0.3709868,0.03813601,0.8205979
1682047186,1682047186572,0.3709868,0.03813601,0.8205979
1682047186,1682047186604,0.3709868,0.03813601,0.8205979
1682047186,1682047186639,0.3709868,0.03813601,0.8205979
1682047186,1682047186672,0.3709868,0.03813607,0.8248786
1682047186,1682047186705,0.3709868,0.03813607,0.8383473
1682047186,1682047186739,0.3709868,0.03813607,0.8595218
1682047186,1682047186769,0.3709868,0.03813607,0.8834299
1682047186,1682047186807,0.3709868,0.03813607,0.9040936
1682047186,1682047186837,0.3709868,0.03813607,0.9484493
1682047186,1682047186867,0.3709868,0.03813607,0.9805542
1682047186,1682047186907,0.3709868,0.03813604,1.026557
1682047186,1682047186936,0.3709868,0.03813607,1.060419
1682047186,1682047186970,0.3709868,0.03813607,1.098641
1682047187,1682047187004,0.3709868,0.03813607,1.146396
1682047187,1682047187037,0.3709868,0.03813607,1.189814
1682047187,1682047187072,0.3709868,0.03813607,1.235834
1682047187,1682047187110,0.3709868,0.03813607,1.271227
1682047187,1682047187136,0.3709868,0.03813604,1.271227
1682047187,1682047187168,0.3709868,0.03813601,1.271227
1682047187,1682047187203,0.3709868,0.03813601,1.271227
1682047187,1682047187240,0.3709868,0.03813601,1.271227
1682047187,1682047187272,0.3709868,0.03813601,1.271227
1682047187,1682047187306,0.3709868,0.03813601,1.271227
1682047187,1682047187347,0.3709868,0.03813601,1.271227
1682047187,1682047187370,0.3709868,0.03813601,1.271227
1682047187,1682047187405,0.3709868,0.03813601,1.271227
1682047187,1682047187434,0.3709868,0.03813601,1.271227
1682047187,1682047187467,0.3709868,0.03813601,1.271227
1682047187,1682047187501,0.3709868,0.03813601,1.271227
1682047187,1682047187537,0.3709868,0.03813601,1.271227
1682047187,1682047187571,0.3709868,0.03813601,1.271227
1682047187,1682047187607,0.3709868,0.03813601,1.271227
1682047187,1682047187641,0.3709868,0.03813601,1.271227
1682047187,1682047187668,0.3709868,0.03813601,1.271227
1682047187,1682047187705,0.3709868,0.03813601,1.271227
1682047187,1682047187739,0.3709868,0.03813601,1.271227
1682047187,1682047187769,0.3709868,0.03813601,1.271227
1682047187,1682047187803,0.3709868,0.03813601,1.271227
1682047187,1682047187836,0.3709868,0.03813601,1.271227
1682047187,1682047187872,0.3709868,0.03813601,1.271227
1682047187,1682047187907,0.3709868,0.03813604,1.271767
1682047187,1682047187936,0.3709868,0.03813607,1.278315
1682047187,1682047187969,0.3709868,0.03813607,1.295527
1682047188,1682047188003,0.3709868,0.03813607,1.318314
1682047188,1682047188039,0.3709868,0.03813607,1.348891
1682047188,1682047188072,0.3709868,0.03813607,1.38109
1682047188,1682047188110,0.3709868,0.03813607,1.416781
1682047188,1682047188136,0.3709868,0.03813607,1.448987
1682047188,1682047188180,0.3709868,0.03813607,1.488001
1682047188,1682047188203,0.3709868,0.03813607,1.523883
1682047188,1682047188237,0.3709868,0.03813607,1.570107
1682047188,1682047188272,0.3709868,0.03813607,1.615495
1682047188,1682047188302,0.3709868,0.03813607,1.654867
1682047188,1682047188339,0.3709868,0.03813604,1.68099
1682047188,1682047188373,0.3709868,0.03813601,1.68099
1682047188,1682047188404,0.3709868,0.03813601,1.68099
1682047188,1682047188438,0.3709868,0.03813601,1.68099
1682047188,1682047188468,0.3709868,0.03813601,1.68099
1682047188,1682047188504,0.3709868,0.03813601,1.68099
1682047188,1682047188537,0.3709868,0.03813601,1.68099
1682047188,1682047188567,0.3709868,0.03813601,1.68099
1682047188,1682047188601,0.3709868,0.03813601,1.68099
1682047188,1682047188635,0.3709868,0.03813601,1.68099
1682047188,1682047188670,0.3709868,0.03813601,1.68099
1682047188,1682047188704,0.3709868,0.03813601,1.68099
1682047188,1682047188737,0.3709868,0.03813601,1.68099
1682047188,1682047188773,0.3709868,0.03813598,1.68099
1682047188,1682047188802,0.3709868,0.03813598,1.68099
1682047188,1682047188838,0.3709868,0.03813598,1.68099
1682047188,1682047188871,0.3709868,0.03813598,1.68099
1682047188,1682047188905,0.3709868,0.03813598,1.68099
1682047188,1682047188934,0.3709868,0.03813598,1.68099
1682047188,1682047188968,0.3709868,0.03813598,1.68099
1682047189,1682047189009,0.3709868,0.03813598,1.68099
1682047189,1682047189037,0.3709868,0.03813598,1.68099
1682047189,1682047189072,0.3709868,0.03813598,1.68099
1682047189,1682047189102,0.3709868,0.03813598,1.68099
1682047189,1682047189136,0.3709868,0.03813598,1.68099
1682047189,1682047189169,0.3709868,0.03813598,1.68099
1682047189,1682047189205,0.3709868,0.03813598,1.68099
1682047189,1682047189239,0.3709868,0.03813598,1.68099
1682047189,1682047189269,0.3709868,0.03813598,1.68099
1682047189,1682047189304,0.3709868,0.03813598,1.68099
1682047189,1682047189341,0.3709868,0.03813598,1.68099
1682047189,1682047189370,0.3709868,0.03813598,1.68099
1682047189,1682047189405,0.3709868,0.03813598,1.68099
1682047189,1682047189436,0.3709868,0.03813598,1.68099
1682047189,1682047189471,0.3709868,0.03813598,1.68099
1682047189,1682047189504,0.3709868,0.03813598,1.68099
1682047189,1682047189541,0.3709868,0.03813598,1.68099
1682047189,1682047189570,0.3709868,0.03813598,1.68099
1682047189,1682047189604,0.3709868,0.03813598,1.68099
1682047189,1682047189636,0.3709868,0.03813598,1.68099
1682047189,1682047189670,0.3709868,0.03813598,1.68099
1682047189,1682047189703,0.3709868,0.03813598,1.68099
1682047189,1682047189737,0.3709868,0.03813598,1.68099
1682047189,1682047189768,0.3709868,0.03813598,1.68099
1682047189,1682047189801,0.3709868,0.03813598,1.68099
1682047189,1682047189834,0.3709868,0.03813598,1.68099
1682047189,1682047189875,0.3709868,0.03813598,1.68099
1682047189,1682047189901,0.3709868,0.03813598,1.68099
1682047189,1682047189941,0.3709868,0.03813598,1.68099
1682047189,1682047189975,0.3709868,0.03813598,1.68099
1682047190,1682047190007,0.3709868,0.03813598,1.68099
1682047190,1682047190039,0.3709868,0.03813598,1.68099
1682047190,1682047190073,0.3709868,0.03813598,1.68099
1682047190,1682047190106,0.3709868,0.03813598,1.68099
1682047190,1682047190141,0.3709868,0.03813598,1.68099
1682047190,1682047190174,0.3709868,0.03813598,1.68099
1682047190,1682047190207,0.3709868,0.03813598,1.68099
1682047190,1682047190241,0.3709868,0.03813598,1.68099
1682047190,1682047190278,0.3709868,0.03813598,1.68099
1682047190,1682047190303,0.3709868,0.03813598,1.68099
1682047190,1682047190337,0.3709868,0.03813598,1.68099
1682047190,1682047190373,0.3709868,0.03813598,1.68099
1682047190,1682047190405,0.3709868,0.03813598,1.68099
1682047190,1682047190440,0.3709868,0.03813598,1.68099
1682047190,1682047190471,0.3709868,0.03813598,1.68099
1682047190,1682047190502,0.3709868,0.03813598,1.68099
1682047190,1682047190537,0.3709868,0.03813598,1.68099
1682047190,1682047190569,0.3709868,0.03813598,1.68099
1682047190,1682047190603,0.3709868,0.03813598,1.68099
1682047190,1682047190635,0.3709868,0.03813598,1.68099
1682047190,1682047190670,0.3709868,0.03813598,1.68099
1682047190,1682047190702,0.3709868,0.03813598,1.68099
1682047190,1682047190748,0.3709868,0.03813598,1.68099
1682047190,1682047190773,0.3709868,0.03813598,1.68099
1682047190,1682047190804,0.3709868,0.03813598,1.68099
1682047190,1682047190838,0.3709868,0.03813598,1.68099
1682047190,1682047190868,0.3709868,0.03813598,1.68099
1682047190,1682047190901,0.3709868,0.03813598,1.68099
1682047190,1682047190940,0.3709868,0.03813598,1.68099
1682047190,1682047190971,0.3709868,0.03813598,1.68099
1682047191,1682047191003,0.3709868,0.03813598,1.68099
1682047191,1682047191041,0.3709868,0.03813598,1.68099
1682047191,1682047191072,0.3709868,0.03813598,1.68099
1682047191,1682047191102,0.3709868,0.03813598,1.68099
1682047191,1682047191134,0.3709868,0.03813598,1.68099
1682047191,1682047191170,0.3709868,0.03813598,1.68099
1682047191,1682047191206,0.3709868,0.03813598,1.68099
1682047191,1682047191240,0.3709868,0.03813598,1.68099
1682047191,1682047191274,0.3709868,0.03813598,1.68099
1682047191,1682047191304,0.3709868,0.03813598,1.68099
1682047191,1682047191337,0.3709868,0.03813598,1.68099
1682047191,1682047191374,0.3709868,0.03813598,1.68099
1682047191,1682047191407,0.3709868,0.03813598,1.68099
1682047191,1682047191440,0.3709868,0.03813598,1.68099
1682047191,1682047191469,0.3709868,0.03813598,1.68099
1682047191,1682047191504,0.3709868,0.03813598,1.68099
1682047191,1682047191541,0.3709868,0.03813598,1.68099
1682047191,1682047191568,0.3709868,0.03813598,1.68099
1682047191,1682047191601,0.3709868,0.03813598,1.68099
1682047191,1682047191641,0.3709868,0.03813598,1.68099
1682047191,1682047191668,0.3709868,0.03813598,1.68099
1682047191,1682047191701,0.3709868,0.03813598,1.68099
1682047191,1682047191736,0.3709868,0.03813598,1.68099
1682047191,1682047191772,0.3709868,0.03813598,1.68099
1682047191,1682047191806,0.3709868,0.03813598,1.68099
1682047191,1682047191835,0.3709868,0.03813598,1.68099
1682047191,1682047191868,0.3709868,0.03813598,1.68099
1682047191,1682047191910,0.3709868,0.03813598,1.68099
1682047191,1682047191936,0.3709868,0.03813598,1.68099
1682047191,1682047191969,0.3709868,0.03813598,1.68099
1682047192,1682047192003,0.3709868,0.03813598,1.68099
1682047192,1682047192040,0.3709868,0.03813598,1.68099
1682047192,1682047192069,0.3709868,0.03813598,1.68099
1682047192,1682047192106,0.3709868,0.03813598,1.68099
1682047192,1682047192135,0.3709868,0.03813598,1.68099
1682047192,1682047192173,0.3709868,0.03813598,1.68099
1682047192,1682047192201,0.3709868,0.03813598,1.68099
1682047192,1682047192237,0.3709868,0.03813598,1.68099
1682047192,1682047192269,0.3709868,0.03813598,1.68099
1682047192,1682047192306,0.3709868,0.03813598,1.68099
1682047192,1682047192338,0.3709868,0.03813598,1.68099
1682047192,1682047192373,0.3709868,0.03813598,1.68099
1682047192,1682047192404,0.3709868,0.03813598,1.68099
1682047192,1682047192439,0.3709868,0.03813598,1.68099
1682047192,1682047192467,0.3709868,0.03813598,1.68099
1682047192,1682047192507,0.3709868,0.03813598,1.68099
1682047192,1682047192538,0.3709868,0.03813598,1.68099
1682047192,1682047192571,0.3709868,0.03813598,1.68099
1682047192,1682047192602,0.3709868,0.03813598,1.68099
1682047192,1682047192644,0.3709868,0.03813598,1.68099
1682047192,1682047192667,0.3709868,0.03813598,1.68099
1682047192,1682047192706,0.3709868,0.03813598,1.68099
1682047192,1682047192739,0.3709868,0.03813598,1.68099
1682047192,1682047192770,0.3709868,0.03813598,1.68099
1682047192,1682047192805,0.3709868,0.03813598,1.68099
1682047192,1682047192837,0.3709868,0.03813598,1.68099
1682047192,1682047192872,0.3709868,0.03813598,1.68099
1682047192,1682047192905,0.3709868,0.03813598,1.68099
1682047192,1682047192938,0.3709868,0.03813598,1.68099
1682047192,1682047192975,0.3709868,0.03813598,1.68099
1682047193,1682047193002,0.3709868,0.03813598,1.68099
1682047193,1682047193037,0.3709868,0.03813598,1.68099
1682047193,1682047193069,0.3709868,0.03813598,1.68099
1682047193,1682047193101,0.3709868,0.03813598,1.68099
1682047193,1682047193140,0.3709868,0.03813598,1.68099
1682047193,1682047193175,0.3709868,0.03813598,1.68099
1682047193,1682047193212,0.3709868,0.03813598,1.68099
1682047193,1682047193246,0.3709868,0.03813598,1.68099
